10,"Ap #305-2878 Vestibulum, Street",Fujian
12,"Ap #746-7953 Elementum, Avenue",Mesa
7,5053 Tincidunt Avenue,Motala
4,Ap #165-7107 Fringilla Rd.,Tampines
8,161-3600 Risus Rd.,Mohmand Agency
2,"890-4973 Eu, Rd.",Panjim
6,"Ap #138-8581 Imperdiet, Rd.",Lerum
11,Ap #528-2801 In Road,Hamilton
11,"343-6104 Consequat, Rd.",Sankt Ingbert
9,"P.O. Box 212, 4827 Euismod St.",Stratford
7,641-4372 Euismod St.,Bukit Panjang
11,779-2922 Nam Ave,Acquasanta Terme
7,"P.O. Box 774, 2075 Sed Rd.",Liaoning
10,Ap #545-3988 Molestie St.,GÃ´i
3,Ap #755-8941 Luctus Rd.,Gravelbourg
13,123-9783 Magna. Rd.,Jacksonville
6,257-9594 Ipsum St.,Palu
5,"P.O. Box 276, 4071 Tortor Road",Nicoya
3,3419 Magna. Av.,Capannori
14,2432 Morbi Rd.,Peshawar
