Hop,1,Cantu
Ulla,2,Bonner
Oren,3,Brady
Isabella,4,Hurst
Cecilia,5,Mitchell
Abigail,6,Pace
Nicole,7,Sharp
Roanna,8,Mckay
Brady,9,Kaufman
Hakeem,10,Vega
Gemma,11,Richardson
Kelly,12,Mcgee
Brendan,13,Frank
Vernon,14,Sandoval
Randall,15,Warren
Rowan,16,Carrillo
Kimberly,17,Greer
Yardley,18,Raymond
Gannon,19,Irwin
Salvador,20,Chen
Brett,21,Harrington
Alan,22,Mcclain
Quinn,23,Haley
Kasimir,24,Barton
Bernard,25,Giles
Cheyenne,26,Bowman
Yvonne,27,Holden
Fay,28,Mueller
Kane,29,Todd
Graham,30,Preston
Joel,31,Burke
Calvin,32,Hebert
Xena,33,Levine
Ray,34,William
Wing,35,Huffman
Serena,36,Greene
Burton,37,Moreno
Cole,38,Torres
Emerson,39,Foster
Branden,40,Buck
Ivor,41,Floyd
Briar,42,Bryant
Galvin,43,Hester
Angela,44,Anderson
Herman,45,Meyer
Jocelyn,46,Koch
Quon,47,Camacho
Rudyard,48,Harrison
Caesar,49,Larson
Cassady,50,Parsons
