Exhilarating Harmonious,2024-01-04 08:56:41,54
Inspiring Uplifting,2022-10-01 02:18:47,51
Love Creative,2023-03-03 15:32:47,91
Genuine Blissful,2023-01-20 23:39:02,84
Vibrant Refreshing Inspiring,2023-11-13 04:38:39,92
Unforgettable Genuine Blissful,2022-09-03 09:53:35,2
Spirited Heartwarming,2024-04-07 21:43:54,89
Mesmerizing,2022-10-08 08:58:33,91
Motivating Vibrant,2023-04-20 09:50:42,37
Courageous Marvelous,2024-03-31 10:13:10,81
Goals,2024-03-27 11:55:46,74
Friends Family,2024-02-06 08:04:25,2
Strong Resilient,2023-07-03 20:10:46,64
Creative Loving,2024-04-29 13:10:02,94
Creative Challenge,2023-10-21 12:06:06,62
Motivating,2023-04-04 19:26:21,81
Artistic,2023-11-16 02:01:45,9
Harmonious Courageous,2022-07-21 07:27:08,60
Supportive Fantastic Proud,2023-07-17 03:11:58,26
Innovative Grateful Joyful,2022-06-01 04:34:21,17
Exhilarating Harmonious,2022-09-29 18:13:23,42
Motivated,2023-08-23 18:55:06,69
Spirited Heartwarming,2023-11-18 07:15:11,20
Beautiful Achievements Goals,2023-06-25 07:02:16,75
Enlightening Exhilarating,2022-12-25 02:25:53,28
Innovative Celebrating,2023-10-18 21:01:14,3
Spectacular Courageous,2023-09-22 19:22:45,35
Enthusiastic Empowered,2024-05-22 21:40:48,17
Captivating Vibrant Delightful,2023-12-10 10:07:33,91
Friends Family,2022-09-23 21:24:51,62
Thrilled,2023-08-26 20:30:09,77
Refreshing Inspiring,2024-02-04 22:12:49,36
Creative Challenge Supportive,2023-10-26 22:26:58,97
Thriving Captivating,2023-06-12 09:40:09,30
Unforgettable,2022-11-18 10:28:16,19
Radiant Thriving,2024-03-01 01:27:43,99
Spectacular,2023-03-30 12:16:44,72
Wholesome Playful,2023-07-12 14:00:54,8
Heartwarming Bold,2023-05-21 19:57:50,54
Enchanting Motivating,2024-03-01 06:42:46,14
Thriving Captivating,2023-09-23 15:09:55,54
Exhilarating,2022-05-26 14:41:03,22
Unique,2022-07-22 11:53:43,28
Mesmerizing,2022-11-19 22:07:50,36
Sparkling,2023-08-03 03:42:12,71
Fantastic Proud Vibrant,2024-01-27 17:03:25,84
Bold Enriching,2023-02-04 05:55:28,24
Celebrating Strong,2023-04-02 16:34:06,55
Empowered Sparkling Joyful,2022-11-18 14:49:12,80
Motivated Grateful,2024-04-13 08:59:38,35
Love Creative,2022-09-02 17:58:59,52
Dreamy Creative Loving,2023-09-11 01:00:16,46
Motivated Grateful,2023-03-04 00:35:35,36
Charming Unique,2023-07-14 08:43:58,85
Fun,2022-07-19 11:59:12,79
Captivating Vibrant,2023-03-12 08:50:21,68
Grateful Beautiful,2024-04-19 10:43:49,84
Memorable Refreshing,2024-05-18 23:32:05,94
Bold Enriching Transformative,2024-02-29 05:10:24,35
Resilient Enlightening Exhilarating,2022-10-03 11:09:04,36
Sparkling Joyful Innovative,2022-11-09 22:58:04,71
Serene Captivating Vibrant,2023-10-12 01:09:44,98
Charming Unique Authentic,2024-05-13 16:09:43,74
Playful Inspiring,2023-08-28 07:00:43,7
Adventurous Cheerful,2023-06-24 22:48:08,19
Radiant Thriving,2023-12-06 04:56:08,51
Love Creative,2023-07-19 04:47:21,44
Vibrant,2023-11-13 18:20:57,83
Exciting Adventurous,2023-11-30 16:01:59,8
Harmonious Courageous Innovative,2023-05-22 19:29:49,31
Motivating Vibrant Encouraging,2024-01-04 09:58:15,25
Vibrant Encouraging,2022-09-22 07:06:08,12
Family Success,2023-11-30 09:10:36,6
Grateful Beautiful Achievements,2023-05-17 03:51:36,88
Harmonious Courageous,2022-11-03 13:21:12,63
Serene Captivating,2023-08-14 12:00:27,57
Marvelous Enthusiastic,2023-09-03 09:26:09,11
Dazzling,2023-03-11 11:33:38,97
Authentic,2023-04-21 01:03:18,48
,2024-05-13 12:27:21,41
Proud Vibrant Refreshing,2022-12-02 05:32:28,20
Unforgettable Genuine,2022-07-13 00:46:32,35
Wholesome Playful Inspiring,2023-09-16 09:09:04,76
Radiant Spectacular,2023-04-17 22:43:47,49
Creative Loving Serene,2024-05-20 13:25:15,25
Amazing Fun,2023-09-16 23:27:25,35
Transformative Inspiring Uplifting,2023-07-19 06:48:41,55
Blissful,2022-07-10 23:49:44,88
Creative Challenge Supportive,2023-11-13 04:56:23,46
Genuine,2024-03-14 21:43:19,55
Grateful Beautiful,2024-02-08 13:10:00,63
Exhilarating Harmonious Gracious,2022-08-11 17:37:13,86
Courageous Innovative,2023-03-06 08:07:07,23
Family Success,2023-04-23 07:38:00,33
Innovative Celebrating,2022-12-27 14:12:23,16
Authentic Exciting,2022-06-24 15:42:39,79
Engaging Empowering Enchanting,2022-12-21 09:53:44,32
Authentic Dreamy Creative,2022-08-09 02:38:52,67
Adventure Delicious,2024-01-26 09:49:25,37
Charming Unique,2022-09-13 13:21:05,36
Harmonious,2022-12-09 23:26:12,59
Loving Serene Empowered,2023-08-20 02:09:16,95
Memorable,2024-02-16 02:48:43,6
Motivated Grateful,2023-08-30 04:00:30,95
Harmonious,2024-03-04 21:05:24,7
Resilient,2022-11-19 13:39:32,33
Enthusiastic,2022-08-02 01:28:23,54
Fun,2022-08-04 13:46:47,6
Creative,2023-03-06 17:54:59,38
Supportive Fantastic,2023-10-14 07:04:26,55
Spectacular,2023-12-13 07:37:14,7
,2023-04-06 02:35:38,84
Captivating Vibrant,2023-03-30 19:18:08,90
Radiating Fabulous Joyous,2023-10-04 23:26:01,87
Fulfilled Positive,2024-01-14 23:35:33,52
Inspiring Uplifting,2023-01-17 03:34:05,35
Adventurous Cheerful,2023-06-09 12:39:44,25
Positive,2023-06-15 16:36:40,30
Artistic Radiating,2022-09-10 01:16:45,22
Serene Empowered,2023-09-18 13:51:54,39
Radiating,2022-08-30 13:22:51,66
Family,2023-02-17 18:00:27,78
Love Creative Challenge,2023-04-06 19:36:04,1
Encouraging Spirited,2022-12-29 13:41:09,59
Harmonious Courageous Innovative,2023-12-05 03:35:16,95
Innovative Celebrating Strong,2024-04-03 02:30:56,18
Fabulous Joyous Engaging,2022-12-18 03:45:02,77
Loving Serene,2022-12-24 09:57:21,44
Fantastic Proud,2023-01-28 07:42:01,8
 Excited,2023-05-21 21:36:07,64
Delightful,2023-12-20 07:39:21,26
Exhilarating Harmonious,2024-03-10 02:41:31,81
Strong Resilient,2024-04-08 08:49:20,53
Joyful Radiant,2022-11-16 00:21:05,89
Empowered Sparkling,2023-09-26 03:02:00,49
Joyful Radiant,2022-08-24 12:12:41,90
Delightful,2023-06-28 20:09:42,91
Serene Captivating Vibrant,2023-04-03 05:58:53,28
Happy New,2023-06-15 17:07:18,40
Marvelous Enthusiastic,2024-04-26 02:00:46,83
Enriching,2023-11-17 19:25:31,97
Charming,2023-01-12 00:31:13,13
Love Creative Challenge,2022-06-14 03:00:20,62
Encouraging Spirited,2024-01-29 10:02:20,40
Sparkling,2024-02-15 22:48:01,86
Extraordinary Mesmerizing Harmonious,2023-05-05 04:57:17,95
Joyful Radiant,2023-07-23 12:46:45,100
Enriching Transformative,2024-02-05 22:54:51,93
Excited Happy New,2023-11-02 06:37:08,51
Refreshing Dazzling,2022-06-13 17:42:36,45
Beautiful Achievements Goals,2023-04-07 06:43:32,40
Motivated Grateful,2022-10-24 03:27:11,42
Innovative Grateful,2024-03-31 20:12:28,5
Strong,2023-02-15 07:06:53,83
Artistic Radiating,2023-01-26 23:57:43,70
Uplifting,2022-12-23 05:01:00,57
Fulfilled Positive Extraordinary,2023-10-27 05:12:48,58
Sparkling Joyful,2022-10-09 04:44:48,97
Dreamy Creative,2022-07-10 00:51:52,82
Beautiful,2022-08-10 07:33:49,86
Vibrant Refreshing Inspiring,2024-01-06 12:05:10,48
Extraordinary Mesmerizing,2023-02-26 16:14:00,80
Engaging Empowering,2023-05-22 09:16:43,47
Serene Empowered Unforgettable,2023-07-25 20:39:17,94
Delicious Friends Family,2022-11-05 08:46:21,51
Celebrating Strong,2023-06-11 21:24:58,64
Joyful Innovative Celebrating,2023-02-16 07:04:11,24
Enchanting,2023-03-09 13:39:23,8
Positive Extraordinary,2023-12-26 16:59:33,21
Sparkling Joyful Innovative,2023-10-13 00:49:43,50
Motivated Grateful,2023-07-01 14:16:19,69
Vibrant Delightful,2024-05-26 01:10:14,96
Beautiful,2023-03-16 03:17:18,37
Extraordinary,2022-06-03 16:59:58,8
New Amazing,2022-11-06 20:04:19,83
Mesmerizing Harmonious Courageous,2022-12-19 07:21:15,72
Blissful Radiant,2024-02-28 17:56:02,98
Artistic,2023-11-21 15:13:06,28
Unique Authentic,2023-03-26 23:27:30,25
Genuine,2024-02-29 11:37:56,90
Engaging Empowering,2023-12-11 03:28:27,3
Supportive Fantastic,2022-06-27 17:29:51,89
Strong Resilient,2023-10-24 09:09:27,41
Playful Inspiring,2023-12-05 20:04:23,25
Family Success,2023-12-03 03:00:17,69
Inspiring Energetic,2022-10-04 08:17:17,32
Success,2023-03-26 20:12:59,85
Dreamy Thrilled,2023-10-19 10:18:05,57
Enriching Transformative,2024-03-17 23:10:59,76
Radiant,2024-04-10 13:43:01,86
Heartwarming Bold Enriching,2024-02-18 14:44:28,33
Adventurous Cheerful,2023-04-16 07:03:58,40
Exciting,2023-12-13 10:18:20,55
Encouraging Spirited Heartwarming,2023-05-13 08:38:38,11
Family Success,2023-09-28 19:38:59,76
Family Success,2023-07-27 17:25:11,34
Joyous Engaging,2023-11-23 16:31:08,20
Resilient Enlightening Exhilarating,2023-01-25 03:07:59,78
Exciting Adventurous Cheerful,2022-11-20 09:39:56,10
Thrilled,2024-03-08 19:57:54,13
Playful Inspiring Energetic,2024-05-22 18:51:32,54
Celebrating Strong,2022-11-01 06:01:54,81
Vibrant Encouraging,2022-09-02 01:59:54,35
Fulfilled,2022-10-26 21:13:28,6
Courageous Innovative Grateful,2023-02-22 19:03:03,54
Refreshing,2023-10-17 20:11:04,97
Charming Unique Authentic,2024-03-15 06:52:01,64
Exciting,2024-04-21 17:05:57,47
Delightful Unforgettable,2023-02-10 14:14:48,81
Beautiful Achievements,2022-11-23 04:21:40,59
Dazzling,2023-09-18 09:55:28,59
Engaging,2023-01-17 05:26:56,67
Amazing Fun Inspirational,2022-11-21 03:02:05,56
Memorable Refreshing Dazzling,2024-01-10 15:54:41,7
Wholesome Playful Inspiring,2023-03-18 20:40:01,37
Enchanting Motivating,2023-02-06 22:58:52,19
Blissful Radiant,2024-04-10 03:19:27,2
Challenge,2022-07-15 17:41:08,50
Exciting Adventurous,2022-06-18 12:06:21,73
Artistic Radiating,2023-10-16 03:44:59,96
Amazing Fun,2024-04-12 13:58:50,14
Delightful Unforgettable Genuine,2022-09-15 13:36:58,74
Goals Adventure,2024-02-29 02:14:02,20
Inspiring Uplifting,2023-03-27 20:26:23,73
Motivating Vibrant Encouraging,2024-01-16 16:15:47,21
Energetic,2024-04-30 09:44:40,85
Mesmerizing,2023-07-31 03:41:08,41
Captivating Authentic,2023-01-07 17:51:37,55
Delicious Friends Family,2023-09-17 19:53:02,50
Motivated Grateful,2023-10-18 09:24:35,22
Inspiring Uplifting Memorable,2023-10-17 01:10:50,75
Empowering,2023-08-28 06:04:09,61
Dreamy Creative,2023-07-21 00:42:01,57
Memorable Refreshing Dazzling,2023-07-10 02:07:59,15
Achievements Goals,2023-12-26 16:00:23,17
Serene Empowered,2023-09-26 06:24:40,52
Captivating Authentic,2023-10-11 05:52:23,58
Motivated Grateful Beautiful,2022-08-16 14:30:31,29
Mesmerizing Harmonious,2024-02-02 10:57:40,93
Harmonious Courageous,2023-12-31 17:45:40,89
Love Creative,2023-01-05 09:52:28,5
Marvelous Enthusiastic,2023-10-25 09:49:34,31
Celebrating,2022-11-24 13:03:24,53
Loving Serene Empowered,2023-04-25 12:08:16,42
Exciting Adventurous Cheerful,2024-03-30 21:52:27,51
Fulfilled Positive,2024-03-04 15:03:52,15
Empowered Sparkling Joyful,2023-11-22 20:22:41,57
Radiant Thriving,2023-01-18 19:32:54,86
Wholesome Playful,2023-10-02 14:59:48,17
Positive Extraordinary,2023-07-21 22:21:11,3
Friends Family,2022-12-19 22:04:11,96
Grateful Beautiful,2022-10-26 02:37:01,1
Cheerful Artistic,2023-10-04 18:53:13,15
Excited,2023-08-18 11:12:56,62
Vibrant Encouraging Spirited,2023-03-19 03:36:11,45
Innovative Grateful,2024-05-03 23:46:41,67
Thrilled Serene,2022-12-19 21:40:28,2
Exhilarating Harmonious Gracious,2023-07-11 13:47:11,31
Friends Family,2022-08-24 17:19:08,85
Joyful Innovative Celebrating,2022-10-04 11:26:29,11
Inspiring,2022-10-21 09:04:29,40
Motivated Grateful,2023-02-19 00:29:03,61
Empowered,2023-09-01 16:44:48,8
Enlightening Exhilarating,2023-11-22 07:05:18,3
Refreshing Dazzling Charming,2024-01-08 18:13:02,63
Radiating,2023-06-08 02:55:49,62
Challenge,2024-05-01 01:23:31,46
Vibrant Refreshing,2023-07-10 19:07:57,47
Happy,2022-11-04 10:32:48,8
Friends,2024-02-25 10:11:00,56
Celebrating Strong,2023-08-01 03:16:44,19
Dreamy,2022-09-08 05:04:52,97
Delicious Friends,2023-07-19 10:33:57,62
Adventure Delicious,2024-04-17 16:26:18,78
Friends,2024-02-27 14:51:00,11
Inspiring Uplifting Memorable,2023-01-02 06:06:09,18
Love Creative Challenge,2023-02-22 21:16:00,14
Serene Captivating,2022-12-28 16:52:28,77
Mesmerizing Harmonious Courageous,2023-07-23 13:16:01,9
Joyful Innovative,2024-04-08 08:22:09,100
Joyful Innovative,2024-03-18 23:57:24,35
Memorable,2023-05-08 12:40:28,34
Innovative,2024-04-29 11:01:45,5
Charming Unique,2023-07-15 05:57:02,31
Courageous,2024-02-17 09:05:15,73
Delicious Friends,2023-12-14 09:24:53,87
Challenge Supportive Fantastic,2022-10-19 02:27:45,9
Radiating Fabulous Joyous,2023-07-23 16:24:04,65
Delightful Unforgettable,2023-09-24 14:43:37,40
Refreshing Dazzling,2023-11-27 23:20:02,81
Playful,2024-04-14 12:20:20,8
Empowered Sparkling Joyful,2024-04-08 14:11:00,95
Achievements Goals,2022-11-14 22:15:17,38
Vibrant Refreshing,2024-01-14 11:12:45,22
Proud,2024-02-08 07:40:51,69
Supportive Fantastic,2023-03-09 06:11:09,4
New Amazing Fun,2023-11-13 18:27:56,43
Transformative Inspiring Uplifting,2023-08-24 05:05:00,50
Harmonious Gracious,2023-05-02 08:30:15,4
Serene,2024-05-09 06:15:03,73
