username_,adressemail,mdp,contact
Montgomery,urna.vivamus.molestie@outlook.couk,OEQ49RZN7DH,04 73 46 63 34
Barnett,interdum.feugiat@aol.org,KAH33BWC1SL,03 70 11 82 31
Berg,lorem.ipsum@google.couk,QXL87HXW5CS,01 26 32 98 29
Lindsey,mus.donec@yahoo.ca,QOH75VPS4BX,03 41 92 84 14
Chang,velit@aol.net,ZMN75REN1GL,03 27 74 37 05
Tran,cras.vulputate@protonmail.net,RCI01DJA2LS,04 16 26 03 64
Solomon,a.tortor@yahoo.com,ROX13GMD5GP,03 23 22 80 63
Mann,cras@icloud.net,RJJ25QAO5QH,08 38 35 53 37
Shannon,eu.tellus@aol.ca,LJS80LUU2KO,08 73 13 76 66
Hamilton,nonummy.ultricies@yahoo.com,EDN66RLT4LZ,06 30 65 11 16
Ingram,magna@hotmail.couk,PHO14PJG2LV,05 04 58 91 41
Olsen,magna.duis.dignissim@yahoo.org,LMK52JOR6DS,07 16 53 11 55
Mack,fringilla@yahoo.org,KQI85MCS5QG,07 66 88 63 88
Pacheco,ipsum@hotmail.org,VBS81DNC1RE,05 18 38 52 83
Lancaster,mi.eleifend.egestas@google.edu,HNT44CFR7GQ,05 36 73 15 60
Sweeney,duis.ac.arcu@outlook.net,CPY13NGA8BN,06 75 04 88 01
Holcomb,nec.metus@hotmail.ca,SCA17XBB4HG,05 88 27 78 67
Patterson,risus.donec@icloud.edu,VHJ85NDR0RA,04 73 61 80 87
Oliver,non.quam@icloud.org,YDQ85RQR2LZ,09 29 36 48 21
Kirkland,diam.vel.arcu@protonmail.org,BIR93MLK6LE,07 42 45 13 55
Baxter,sodales@outlook.ca,LWD65YZS4WN,05 18 17 73 63
Randall,eu.placerat@icloud.com,SKG25ZXO6EL,02 70 32 44 51
Cruz,ligula.aliquam@google.couk,UWT39IVI6YP,04 56 73 83 64
Farley,ultricies.ligula@protonmail.ca,VRF18OQO3QV,09 07 77 17 26
Hoover,egestas.aliquam.fringilla@hotmail.com,ECD66BED8IC,08 73 11 39 76
Welch,nisi.dictum@outlook.net,IAL22WSF7MP,09 65 44 28 46
Cox,vitae@protonmail.com,INI58XMJ8JH,02 74 74 52 53
Long,vestibulum.accumsan@icloud.ca,FXN69SFE9KR,02 26 93 58 66
Knox,eget@google.org,YSF82KLI9CL,07 16 38 25 21
Guzman,vel@aol.ca,YYF34LXJ5NF,01 66 20 54 47
Massey,semper@google.edu,GQN19RPP6EA,08 16 74 85 07
Jackson,vivamus.rhoncus@protonmail.couk,GPT21BYY4QL,08 36 94 46 45
Caldwell,rhoncus.proin.nisl@yahoo.org,PVH73ISD3PL,01 08 78 73 58
Herman,varius@google.edu,TFF61DXI3CZ,04 63 55 27 83
Owen,sem@outlook.couk,FFP29XPE2BP,06 79 69 46 11
Mcintyre,lectus.pede@google.net,KRX96ROK1XO,04 72 14 51 34
Patton,lectus.sit@aol.ca,EZX65HVL9XB,08 41 47 94 31
Dorsey,sagittis@protonmail.org,QSK35HSX9BS,09 14 71 78 55
Buchanan,donec.at@outlook.couk,UOJ33LXT5GU,05 33 20 19 00
Kline,nulla@hotmail.ca,LEW14FFR8YL,02 56 56 26 13
Miles,tincidunt.congue@outlook.net,XVQ35UPW9KJ,04 54 74 30 23
Garrison,mauris.ipsum@hotmail.com,HAK72JGF9FC,09 99 28 27 83
Miranda,accumsan@yahoo.couk,JTK98YGT6DG,06 71 17 62 78
Cook,egestas.a@hotmail.com,JND71KFN9ES,09 88 75 66 56
Harper,aliquet@protonmail.net,FPF76QYS7FN,03 45 02 58 69
Lynch,dictum@hotmail.net,ONN65VTP7SS,07 69 41 87 72
Swanson,metus.in@protonmail.org,UOS19EZD7KR,07 26 14 42 02
Keller,nunc.ut@protonmail.com,EXB61ERA8FH,07 14 74 73 14
Russell,diam@hotmail.ca,TVW27JVP4JM,05 57 55 80 33
Cortez,eu@google.couk,UAE23LPL1BY,07 62 64 14 25
Acosta,nulla@yahoo.com,NUC98BTX4CR,06 38 08 00 05
Holder,a.scelerisque@hotmail.net,RYP34IRS9VW,03 34 24 22 84
Castaneda,venenatis.lacus@aol.net,QET32LXT3CB,02 32 62 42 75
Wilkinson,ipsum.leo.elementum@aol.net,NVF13EBF7DB,06 57 42 22 48
Robinson,curabitur.consequat@protonmail.couk,RVT91KPE3UY,08 02 82 36 51
Gibbs,vitae.sodales@yahoo.couk,QTF64UKL1KH,09 71 16 91 77
Jenkins,ac.arcu.nunc@yahoo.ca,VVM28LPH3NK,07 78 44 57 60
Newman,faucibus@protonmail.org,KDZ38EHB6MX,01 88 94 42 47
Ayers,gravida.non@protonmail.net,LUS32DJM8SV,05 63 64 72 18
Jackson,at.nisi@aol.couk,ALR10CAQ8NP,07 71 61 45 25
Parks,placerat.orci@icloud.ca,FUC63DKJ4EB,08 72 16 68 57
Barr,tortor.nibh@google.ca,UKY44FWZ6MB,01 15 85 47 12
Dillon,praesent.eu@icloud.com,RLC22SLK8UQ,07 53 70 28 53
Walls,lorem.sit.amet@hotmail.net,LPF38NXY0OX,01 79 82 73 51
Castaneda,risus.a.ultricies@protonmail.ca,BWP59EFY5XW,01 36 36 14 67
Goodman,semper.auctor@google.ca,WKQ65EHR8OD,02 28 76 73 28
Webb,eu@outlook.net,JAO37UCE1JE,08 53 24 06 45
Conley,enim.etiam@yahoo.net,PQE76CTB0XW,02 80 82 20 58
Wells,nam@icloud.couk,PCJ62UTF0YF,03 93 42 78 35
Wolf,sapien.imperdiet.ornare@aol.org,JQK58WFK4CX,02 68 51 36 91
Hensley,vivamus@icloud.net,EQN39UCT0GY,01 17 18 22 85
Rosario,metus.sit@icloud.ca,FQW92ERR5LD,07 44 48 11 27
Workman,et.rutrum@hotmail.org,CPR46KBB5KV,05 22 36 73 92
Fulton,duis.dignissim.tempor@icloud.couk,ALN58GYT9OU,03 72 26 24 17
Lindsey,vestibulum@google.ca,SPO76EET0TH,06 06 91 94 55
Knox,maecenas.iaculis@yahoo.com,WPU53NQC4BA,09 62 57 35 74
Richards,ipsum.cursus@google.net,IED96FHV0QI,07 76 97 42 11
Daugherty,hendrerit.neque@protonmail.net,JDL24QQI5QT,08 41 61 47 45
Preston,a.ultricies@aol.edu,VUW63IGP4QV,06 54 11 08 27
Hodge,nulla.interdum@aol.com,SRO91IDJ9XD,06 05 13 38 14
Kent,lobortis@yahoo.com,HWI75SBM2IW,02 18 62 37 33
Mejia,turpis.non.enim@hotmail.net,EQX37XOE1GN,07 80 57 87 63
Reilly,pede@yahoo.com,VCS31RJW4VQ,02 68 32 62 22
Hammond,mauris.vestibulum@google.ca,KEG56AMN2XV,08 75 38 45 73
Battle,enim@icloud.com,VMH13KOK3XH,02 66 44 49 67
Buchanan,non@outlook.edu,IDY33XZP3VT,09 57 92 62 16
Nielsen,justo.sit.amet@hotmail.ca,JFG66LEC8NV,08 64 35 84 33
Harmon,adipiscing.enim@yahoo.com,JRO58YRK0KW,08 72 28 06 21
Jenkins,pellentesque.ultricies.dignissim@hotmail.ca,XEL24ULE7UZ,07 45 24 25 41
Bowen,vivamus.rhoncus@icloud.com,SWV95VKU8HY,01 55 06 42 25
Lara,scelerisque.lorem@outlook.com,FPF23CVW5EU,06 73 85 85 23
Hatfield,et.arcu@yahoo.edu,DII68LCJ0MS,05 21 19 23 12
Walsh,libero.nec@hotmail.com,DUK14AFM8SK,06 35 46 71 61
Torres,in.dolor@outlook.com,HMH81VOE8AH,05 86 54 47 32
Salinas,dapibus.ligula@yahoo.com,GJC57JSE4XF,06 05 48 27 47
Preston,dignissim.magna@google.com,DXO84QNH4NJ,01 80 71 63 48
O'Neill,mauris.magna@aol.net,DKX52HWH3WE,06 58 50 35 34
Robles,erat@google.net,TYO77QLC1MF,03 32 56 30 57
Stokes,montes.nascetur@outlook.couk,CNX76XCT4HR,09 72 41 56 14
Cain,porta.elit@icloud.couk,JRT71QWI7TF,02 12 77 36 21
